layer,iteration,mean_ir_pwr,min_ir_pwr,max_ir_pwr,std_ir_pwr,eiq_ir_pwr,median_ir_pwr,mad_ir_pwr,q_10,q_90,q_5,q_95,q_1,q_99,out_sup,out_sup_rate,out_inf,out_inf_rate
1,1,20.989042,0.039613508,67.88823,7.023832,8.006589889526367,21.051086,5.3351793,10.926337242126465,29.365259170532227,9.16936206817627,32.87921142578125,7.391413688659668,40.447723388671875,36.92445087432861,2.185414782723239,4.8980913162231445,0.06618550852532383
2,1,18.056564,0.051264536,43.071533,6.1533146,9.327815055847168,18.702236,5.0516615,9.292862892150879,25.53440284729004,8.377091407775879,27.755088806152344,6.944015026092529,32.50404739379883,36.289467334747314,0.2205593430830697,-1.0217928886413574,0.0
3,1,18.02081,0.079227015,39.133488,4.9214087,6.634099960327148,18.194252,3.9470859,10.942648887634277,24.203853607177734,9.835800170898438,26.10297203063965,8.314176559448242,29.584299087524414,31.263218879699707,0.458505181763845,4.726819038391113,0.02502020480824793
4,1,16.668043,0.048934333,34.363552,3.5624444,4.49030876159668,17.043129,2.8189955,11.21994400024414,20.91593360900879,9.89871597290039,21.96685791015625,8.316506385803223,23.88927459716797,25.85946750640869,0.1570815791564064,7.898232460021973,0.5258559059496386
5,1,15.7923355,0.086217634,30.903198,3.4596703,4.74662971496582,15.940941,2.7806916,10.998573303222656,20.119003295898438,10.033867835998535,21.3796443939209,8.65904712677002,24.012775421142578,25.239628791809082,0.5050023631648138,6.253109931945801,0.06732040940341011
6,1,15.746794,0.048934333,27.857618,2.9052153,3.462686538696289,16.059782,2.259504,11.364416122436523,19.114683151245117,10.101444244384766,20.0164737701416,8.561177253723145,21.873647689819336,22.880295753479004,0.36698340829882936,9.029549598693848,1.8388887234021427
7,1,15.409698,0.1095197,28.90388,3.1996152,4.504288673400879,15.589081,2.5932355,11.014884948730469,19.387317657470703,10.106104850769043,20.517467498779297,8.745264053344727,23.001466751098633,24.358811855316162,0.3308443879577409,6.3416571617126465,0.07208674239415362
8,1,15.623321,0.06291557,26.638918,2.7904935,3.2086925506591797,15.947932,2.1528397,11.327133178710938,18.835058212280273,10.106104850769043,19.713546752929688,8.605452537536621,21.36799430847168,22.270943641662598,0.34951286644239593,9.436173439025879,2.8387991055648008
9,1,15.305724,0.09553845,28.377254,3.0971427,4.285249710083008,15.421306,2.4948604,11.084792137145996,19.149635314941406,10.162029266357422,20.242502212524414,8.79186725616455,22.67523956298828,23.84616756439209,0.5304339191738655,6.705168724060059,0.0973091053520008
10,1,15.616584,0.08388742,24.404251,2.7337394,3.1481094360351562,15.940941,2.1114228,11.387718200683594,18.80709457397461,10.176011085510254,19.620338439941406,8.673027992248535,21.009584770202643,22.15210723876953,0.1642235028257563,9.559669494628906,2.9715120874058245
11,1,15.270373,0.053594746,29.2604,3.0735931,4.324864387512207,15.430626,2.4896414,11.073141098022461,19.051767349243164,10.171350479125977,20.08172035217285,8.873425483703613,22.556398391723633,23.877627849578857,0.5107359800789139,6.578170299530029,0.08737318477244249
12,1,15.581236,0.06058536,26.951166,2.7239532,3.1387882232666016,15.910648,2.101601,11.392378807067871,18.713886260986328,10.1666898727417,19.52246856689453,8.673027992248535,21.10235023498535,22.09152126312256,0.3197343623086807,9.536368370056152,2.932420865745329
13,1,15.276059,0.086217634,28.179186,3.067019,4.271266937255859,15.428295,2.4778576,11.089451789855957,19.079730987548828,10.180671691894531,20.107351303100586,8.815170288085938,22.59368133544922,23.778587341308594,0.5369831239549284,6.693519592285156,0.09413091743884469
14,1,15.617935,0.06757598,26.268415,2.7283895,3.0991735458374023,15.9572525,2.0979598,11.371406555175781,18.741849899291992,10.171350479125977,19.5481014251709,8.680018424987793,21.153614044189453,22.062391757965088,0.3492997126568026,9.665697574615479,3.2507312656008294
15,1,15.301223,0.06757598,30.562986,3.0903628,4.408750534057617,15.488882,2.5145874,11.070810317993164,19.091381072998047,10.157369613647461,20.060747146606445,8.78487777709961,22.374643325805664,24.089673042297363,0.45732736537338803,6.4546709060668945,0.07804153477713482
16,1,15.647753,0.0768968,26.009762,2.744461,3.1364574432373047,15.964243,2.1120539,11.397039413452148,18.83272933959961,10.183001518249512,19.659950256347656,8.720773277282714,21.20254898071289,22.157931327819824,0.32131863767252505,9.612101554870605,3.096614040313772
17,1,15.401179,0.079227015,28.169865,3.0861118,4.3528242111206055,15.631023,2.505379,11.1337251663208,19.15895652770996,10.213294982910156,20.184947204589818,8.887406349182129,22.69854164123535,24.064037799835205,0.43907815432276515,6.652740955352783,0.08499568071015083
18,1,15.644822,0.051264536,25.087002,2.7255085,3.0945138931274414,15.973564,2.0944035,11.418010711669922,18.779132843017578,10.1666898727417,19.599365234375,8.691669464111328,21.116331100463867,22.081035137176514,0.29390154298310067,9.702979564666748,3.3933713287129894
19,1,15.339082,0.08388742,30.539684,3.0738897,4.315542221069336,15.516844,2.4941616,11.110424041748047,19.119342803955078,10.162029266357422,20.114341735839844,8.8058500289917,22.475703754425037,23.9568510055542,0.4311269272624731,6.6946821212768555,0.0941290481448237
20,1,15.696892,0.08155722,25.504108,2.7385714,3.166749954223633,16.024828,2.1135,11.455760002136241,18.87700080871582,10.222614288330078,19.65296173095703,8.676104011535644,21.058076858520508,22.27793598175049,0.20237005320406012,9.610936164855957,3.000399179398371
21,1,15.356044,0.0745666,28.719795,3.103756,4.371466636657715,15.486551,2.5165703,11.119745254516602,19.228862762451172,10.208633422851562,20.24483299255371,8.840803146362305,22.64028549194336,24.071030139923096,0.45376916355548497,6.585163593292236,0.08519342282945429
22,1,15.682904,0.09320825,25.585667,2.7273946,3.0735416412353516,16.006187,2.0907958,11.459955215454102,18.823406219482422,10.206304550170898,19.634319305419922,8.717302322387695,21.211868286132812,22.075207710266113,0.3588357596614592,9.781041145324707,3.529180476316244
23,1,15.360432,0.06757598,28.605614,3.0834801,4.359814643859863,15.530825,2.5009058,11.168679237365723,19.161287307739258,10.255237579345703,20.177257537841797,8.815170288085938,22.537755966186523,24.037240505218506,0.449410979688133,6.597981929779053,0.08420249906662323
24,1,15.704002,0.06757598,26.485125,2.7458055,3.124807357788086,16.027159,2.1066792,11.485586166381836,18.839717864990234,10.248247146606445,19.666942596435547,8.668367385864258,21.340030670166016,22.187060356140137,0.42438516776817486,9.687830924987793,3.18040639298424
25,1,15.449217,0.08854784,30.043352,3.15454,4.394768714904785,15.624034,2.5498364,11.124404907226562,19.333721160888672,10.189992904663086,20.377655029296875,8.78487777709961,22.936222076416016,24.210843563079834,0.5298192101166079,6.631768703460693,0.09909287325644203
26,1,15.738314,0.048934333,25.04506,2.7628,3.187723159790039,16.085415,2.1320035,11.462285041809082,18.9189453125,10.21096420288086,19.708885192871094,8.65904712677002,21.204879760742188,22.365323066711426,0.20394951107721881,9.61443042755127,3.0802929564934187
27,1,15.57087,0.06058536,28.987766,3.1546156,4.40641975402832,15.782488,2.554835,11.187320709228516,19.46654510498047,10.213294982910156,20.484844207763672,8.859443664550781,22.81039047241211,24.363471031188965,0.3705608655157965,6.737792015075684,0.0925409235425301
28,1,15.788046,0.06990619,25.518091,2.7685678,3.166749954223633,16.108717,2.1305325,11.476266860961914,19.00283432006836,10.229605674743652,19.813745498657227,8.756915092468262,21.300416946411133,22.378134727478027,0.2275651718057475,9.711134910583496,3.2293999904684743
29,1,15.539376,0.10718949,28.325989,3.1882637,4.408751487731934,15.710252,2.5710573,11.145377159118652,19.47586441040039,10.203973770141602,20.61533546447754,8.874450607299806,23.152931213378906,24.31337594985962,0.4660953837293588,6.678369998931885,0.08757906443316883
30,1,15.848689,0.051264536,26.061028,2.805864,3.1784019470214844,16.178621,2.1568925,11.464614868164062,19.103031158447266,10.243587493896484,19.923263549804688,8.675358772277832,21.423917770385742,22.46319007873535,0.26707916663357134,9.749582290649414,3.3699632244894717
31,1,15.482703,0.09087805,28.139572,3.162529,4.487977981567383,15.675299,2.5692897,11.136056900024414,19.368675231933594,10.19232177734375,20.393966674804688,8.812187156677247,22.808061599731445,24.4275541305542,0.39398458614739074,6.475642204284668,0.07764514777400694
32,1,15.722171,0.097868666,27.66421,2.7682266,3.094512939453125,16.027159,2.1167822,11.46927547454834,18.9189453125,10.222614288330078,19.790443420410156,8.68700885772705,21.498485565185547,22.1392879486084,0.5145589806529001,9.761236190795898,3.465478275720998
33,1,15.456134,0.09087805,30.819311,3.1427202,4.371466636657715,15.617043,2.5391245,11.136056900024414,19.343042373657227,10.187662124633789,20.412609100341797,8.82915210723877,22.791751861572266,24.171228885650635,0.44640995446539034,6.685362339019775,0.09730466089325679
34,1,15.829085,0.0722364,25.010105,2.7957914,3.2343263626098633,16.162312,2.159248,11.49024772644043,19.068078994750977,10.248247146606445,19.871999740600586,8.684678077697754,21.31439781188965,22.554067134857178,0.188261087148202,9.616761684417725,2.9869567634980023
35,1,15.531556,0.05825516,30.12957,3.1963482,4.504288673400879,15.742874,2.592606,11.117413520812988,19.44790267944336,10.122415542602539,20.473194122314453,8.752254486083984,22.938552856445312,24.5126051902771,0.4086828220164466,6.495450496673584,0.08320607503639024
36,1,15.798301,0.046604127,26.137924,2.8341482,3.2436466217041016,16.125027,2.1810517,11.418010711669922,19.07040786743164,10.150379180908203,19.923263549804688,8.591470718383789,21.55440902709961,22.528433799743652,0.35410075685809556,9.553847312927246,3.106077306371629
37,1,15.505879,0.09553845,29.761395,3.1842937,4.460015296936035,15.686949,2.580754,11.103433609008789,19.45256233215332,10.150379180908203,20.517467498779297,8.78720760345459,22.912918090820312,24.399590969085693,0.3947898855943395,6.559529781341553,0.08618652431989102
38,1,15.781282,0.06524578,25.28041,2.7800615,3.14810848236084,16.125027,2.1363816,11.427331924438477,18.981861114501953,10.173681259155273,19.778793334960938,8.633414268493652,21.22442737579349,22.345512866973877,0.2041456662734678,9.753078937530518,3.6086916804683433
39,1,15.603966,0.09087805,28.612602,3.1990304,4.494968414306641,15.836082,2.596951,11.15236759185791,19.515478134155273,10.159699440002441,20.547760009765625,8.775556564331055,22.920911846160873,24.577852249145508,0.37830796055270693,6.597978591918945,0.09035701944959668
40,1,15.77599,0.0722364,26.023743,2.767143,3.120145797729492,16.090075,2.1182525,11.567144393920898,18.9702091217041,10.25989818572998,19.804424285888672,8.586810111999512,21.398284912109375,22.256964683532715,0.39041710686228565,9.776381492614746,3.51911574298401
41,1,15.470027,0.0768968,28.868927,3.2932749,4.6930341720581055,15.607723,2.6822865,11.021875381469727,19.57140350341797,10.078142166137695,20.6992244720459,8.65904712677002,23.29041290283203,24.798052310943604,0.43172439540711965,6.025915622711182,0.0617600216060783
42,1,15.71049,0.086217634,26.781063,2.769712,3.1411170959472656,16.03648,2.1233811,11.476266860961914,18.90729522705078,10.173681259155273,19.7298583984375,8.48894214630127,21.263134002685547,22.239486694335938,0.28438484896026756,9.675018310546875,3.4692171274349954
43,1,15.527679,0.0768968,29.651875,3.1728482,4.560214996337891,15.717241,2.5907147,11.182660102844238,19.464214324951172,10.21096420288086,20.424259185791016,8.770896911621094,22.67523956298828,24.63144874572754,0.3074136739508615,6.390588760375977,0.08161952195982175
44,1,15.799247,0.023302063,26.219482,2.7811394,3.127138137817383,16.15066,2.1318483,11.480926513671875,18.9725399017334,10.201642990112305,19.799762725830078,8.604449892044066,21.33769989013672,22.311728477478027,0.296490175908237,9.803175926208496,3.715162900797922
45,1,15.573367,0.053594746,29.157873,3.193352,4.501956939697266,15.763845,2.5920463,11.15469741821289,19.485185623168945,10.187662124633789,20.519798278808594,8.819830894470215,23.027099609375,24.565031051635742,0.3912129985979879,6.55720329284668,0.08281006112454871
46,1,15.871708,0.048934333,25.53207,2.8138182,3.159761428833008,16.211245,2.1556435,11.455293655395508,19.121673583984375,10.217954635620117,19.92792510986328,8.605452537536621,21.41925811767578,22.4631929397583,0.27027080697977834,9.82414722442627,3.707138445774065
47,1,15.547418,0.06990619,29.854603,3.160884,4.441372871398926,15.728893,2.565387,11.215282440185547,19.473533630371094,10.266889572143555,20.494165420532227,8.81283950805664,22.813745956420902,24.401919841766357,0.4243809538939981,6.636428356170654,0.08439958137807636
48,1,15.863329,0.048934333,25.438864,2.7531161,3.185391426086426,16.215906,2.1257448,11.613748550415039,19.014484405517578,10.311162948608398,19.790443420410156,8.768566131591797,21.24915313720703,22.489984035491943,0.1916325104057446,9.74841833114624,3.2430575413846787
49,1,15.540629,0.0722364,28.689499,3.1203275,4.4134111404418945,15.752195,2.533872,11.250235557556152,19.350032806396484,10.28087043762207,20.347362518310547,8.892067909240723,22.912918090820312,24.339005947113037,0.43868620531467645,6.685361385345459,0.08916709198111802
50,1,15.809869,0.06990619,24.961172,2.7483952,3.124805450439453,16.13901,2.1118546,11.562483787536621,18.974870681762695,10.290191650390625,19.781124114990234,8.71963119506836,21.274784088134766,22.315217971801758,0.2365183544995085,9.815996170043945,3.4923692545997955
51,1,15.57308,0.06291557,30.169182,3.1341531,4.308550834655762,15.733553,2.5226285,11.271208763122559,19.408287048339844,10.294851303100586,20.466201782226562,8.903718948364258,23.09234619140625,24.170063495635986,0.5800445607666675,6.9358601570129395,0.10286308883161034
52,1,15.800235,0.0722364,25.613628,2.7240171,3.0782012939453125,16.13901,2.0896783,11.590445518493652,18.932926177978516,10.328057050704956,19.720537185668945,8.710311889648438,21.16759490966797,22.20802879333496,0.31496625928912153,9.895223617553711,3.563527463230767
53,1,15.581778,0.08155722,29.542358,3.1561368,4.4180707931518555,15.756855,2.5525832,11.243246078491211,19.471206665039062,10.273880004882812,20.4638729095459,8.861774444580078,22.917579650878906,24.39725923538208,0.5039854165922008,6.724976062774658,0.09750072480172205
54,1,15.90925,0.0745666,25.608969,2.7876477,3.157430648803711,16.26251,2.1413276,11.53918170928955,19.082059860229492,10.329804420471191,19.913944244384766,8.770896911621094,21.49615478515625,22.482998847961426,0.35228678606818953,9.853276252746582,3.4255620404037597
55,1,15.632269,0.048934333,28.496094,3.1745021,4.439042091369629,15.850063,2.5724382,11.23159408569336,19.538780212402344,10.264558792114258,20.55008888244629,8.875755310058594,22.982826232910156,24.489301204681396,0.4777904870841674,6.733132839202881,0.08896514472722651
56,1,15.857676,0.0745666,25.4109,2.7611687,3.1108245849609375,16.206585,2.119433,11.527530670166016,19.021472930908203,10.273880004882812,19.827726364135742,8.775556564331055,21.305076599121094,22.343181610107422,0.2708708577510967,9.899883270263672,3.722488437349199
57,1,15.610422,0.06524578,28.57765,3.142237,4.427391052246094,15.81278,2.550383,11.2781982421875,19.47586441040039,10.320483207702637,20.51513671875,8.924691200256348,22.784759521484375,24.441532135009766,0.3856533766514881,6.731967926025391,0.08896638143144525
58,1,15.916763,0.08388742,25.462164,2.7927873,3.157428741455078,16.25785,2.1429038,11.588115692138672,19.114683151245117,10.320483207702637,19.94656753540039,8.691669464111328,21.521785736083984,22.487653732299805,0.30761592691887596,9.857938766479492,3.4872405917982325
59,1,15.676689,0.09553845,28.882908,3.220329,4.518271446228027,15.850063,2.6132503,11.243246078491211,19.67626190185547,10.23193645477295,20.678251266479492,8.777886390686035,22.978166580200195,24.715336322784424,0.4057234209454964,6.6422505378723145,0.08698328848464387
60,1,15.910064,0.048934333,24.975151,2.7851148,3.164419174194336,16.25785,2.1401217,11.602096557617188,19.105361938476562,10.318153381347656,19.91860580444336,8.680018424987793,21.42624855041504,22.50047016143799,0.22022932445796578,9.842793464660645,3.4742218497674586
61,1,15.629057,0.05825516,28.58464,3.168152,4.436713218688965,15.838412,2.566864,11.257226943969727,19.51780891418457,10.290191650390625,20.573392868041992,8.850123405456543,22.912918090820312,24.471827030181885,0.47145268592989775,6.724974155426025,0.08440075464204151
62,1,15.933031,0.06524578,26.1053,2.7922885,3.1550989151000977,16.278822,2.144667,11.557823181152344,19.133323669433594,10.332135200500488,19.967540740966797,8.81050968170166,21.51246452331543,22.500470638275146,0.3151535852443781,9.880074977874756,3.474037063809168
63,1,15.747811,0.046604127,29.551678,3.21781,4.469334602355957,15.943271,2.6000333,11.292180061340332,19.715877532958984,10.290191650390625,20.764469146728516,8.892067909240723,23.236820220947266,24.665231227874756,0.45873290425588953,6.787892818450928,0.09492395161658666
64,1,15.996646,0.079227015,26.624939,2.8295376,3.222092866897583,16.358047,2.1776876,11.555492401123047,19.24051284790039,10.327474594116211,20.044435501098633,8.766236305236816,21.598684310913086,22.70349109172821,0.30045952633439377,9.815119624137878,3.301281669387285
65,1,15.791289,0.06524578,30.12258,3.2122715,4.532251358032227,16.003857,2.607443,11.34344482421875,19.736848831176758,10.371747970581055,20.759809494018555,8.961507415771484,23.141279220581055,24.834174156188965,0.41542472809736664,6.705168724060059,0.08757280358075463
66,1,15.916686,0.08155722,27.843636,2.7812457,3.1364574432373047,16.239208,2.1298087,11.632390022277832,19.11701202392578,10.376408576965332,19.944236755371094,8.76390552520752,21.48450469970703,22.437556266784668,0.36957674426917736,9.89172649383545,3.4610335836234407
67,1,15.696837,0.0768968,28.857277,3.185842,4.4530229568481445,15.898998,2.5826406,11.247905731201172,19.61800765991211,10.292521476745605,20.673593521118164,8.920029640197754,23.036420822143555,24.596490383148193,0.3401617207854102,6.784398555755615,0.09213954375039715
68,1,15.940743,0.053594746,25.774414,2.7844172,3.1877222061157227,16.28115,2.142083,11.613748550415039,19.13565444946289,10.348445892333984,19.930255889892578,8.74060344696045,21.405275344848633,22.58202886581421,0.2059284354006271,9.831140041351318,3.3210676505690335
69,1,15.702539,0.04194371,29.45614,3.2000306,4.513607978820801,15.878025,2.597128,11.308491706848145,19.622669219970703,10.311162948608398,20.673593521118164,8.875755310058594,23.088803405761674,24.724650859832764,0.4233913808476963,6.6702189445495605,0.08896779484979735
70,1,15.91001,0.020971855,25.089333,2.7678292,3.113156318664551,16.236877,2.119307,11.625398635864258,19.091381072998047,10.367088317871094,19.906953811645508,8.712640762329102,21.46819305419922,22.39561414718628,0.3056312407158801,9.942988872528076,3.6578439394059754
71,1,15.764417,0.06291557,29.891888,3.196797,4.443703651428223,15.959582,2.5834346,11.338784217834473,19.662281036376953,10.346116065979004,20.68524169921875,8.93401050567627,23.239147186279297,24.64775800704956,0.5166993989050421,6.87294340133667,0.09750169287562478
72,1,15.960329,0.034953095,26.033064,2.7791948,3.1178131103515625,16.302124,2.127209,11.632390022277832,19.140316009521484,10.376408576965332,19.9395751953125,8.756915092468262,21.52411651611328,22.456192016601562,0.36462212160028595,9.984939575195312,3.740951473085287
73,1,15.727186,0.06524578,28.56134,3.1849968,4.467004776000977,15.922299,2.5829349,11.34344482421875,19.678592681884766,10.3624267578125,20.694564819335938,8.931680679321289,22.908260345458984,24.64076519012451,0.4063103209970688,6.7727460861206055,0.0925418424167322
74,1,15.919267,0.053594746,25.925875,2.7504919,3.122478485107422,16.276491,2.1149423,11.644041061401367,19.07040786743164,10.38106918334961,19.84869956970215,8.768566131591797,21.286436080932617,22.430570602416992,0.1868557596649702,9.940656661987305,3.556216577938312
75,1,15.498501,0.104859285,28.684841,3.180778,4.506617546081543,15.710252,2.5896578,11.101102828979492,19.42926025390625,10.122415542602539,20.447561264038086,8.717302322387695,22.65077304840088,24.49046564102173,0.3528937485974608,6.463995456695557,0.07506687505337097
76,1,15.9012,0.0768968,26.284729,2.8017628,3.117816925048828,16.234547,2.1426508,11.534521102905273,19.14264488220215,10.257568359375,19.962879180908203,8.649725914001465,21.423917770385742,22.409595489501953,0.2621330881462226,9.93832778930664,3.9556280172610667
77,1,15.690344,0.1141801,29.828972,3.233331,4.5182695388793945,15.833752,2.6230946,11.247905731201172,19.771800994873047,10.273880004882812,20.841365814208984,8.875755310058594,23.113319396972656,24.701350688934326,0.3499107350309895,6.628272533416748,0.08996002438651433
78,1,15.940286,0.08854784,25.441193,2.7444098,3.0315990447998047,16.278822,2.0953054,11.658021926879883,19.091381072998047,10.395050048828125,19.895301818847656,8.78720760345459,21.328380584716797,22.282599449157715,0.2603354773114951,10.156203269958496,4.195154304868532
79,1,15.746059,0.06524578,28.59629,3.2298212,4.564874649047852,15.905989,2.6299684,11.273538589477539,19.764812469482422,10.297182083129883,20.783111572265625,8.947992324829102,23.127300262451172,24.869128227233887,0.3449439987290492,6.6096296310424805,0.0845976646278497
80,1,15.940092,0.06524578,27.615276,2.7512984,3.0665502548217773,16.27416,2.1055331,11.665013313293457,19.124004364013672,10.399710655212402,19.920934677124023,8.81283950805664,21.34935188293457,22.337355136871338,0.27167221396967123,10.071154117584229,3.8991317610237752
81,1,15.802166,0.097868666,28.489101,3.22367,4.4856462478637695,16.013178,2.6120825,11.29917049407959,19.790443420410156,10.315823554992676,20.84369659423828,8.93634033203125,23.11564826965332,24.761935710906982,0.40212560616711746,6.819350719451904,0.09273711510125622
82,1,15.985385,0.09087805,26.405897,2.7888367,3.1387882232666016,16.332417,2.1387765,11.590445518493652,19.19390869140625,10.355436325073242,19.988510131835938,8.758872947692872,21.354013442993164,22.54824161529541,0.18864739815522702,9.993088722229004,3.7884369073741273
83,1,15.723022,0.0745666,28.2188,3.2543194,4.595166206359863,15.91531,2.6507657,11.208292007446289,19.755489349365234,10.217954635620117,20.813404083251953,8.83381175994873,23.129629135131836,24.90990400314331,0.32450703330268327,6.529239177703857,0.07904149281179187
84,1,16.070478,0.06524578,26.953497,2.8352187,3.1434478759765625,16.446596,2.1686997,11.574134826660156,19.294109344482422,10.313493728637695,20.125993728637695,8.747594833374023,21.594024658203125,22.646108627319336,0.2569652679865759,10.072317123413086,4.187302659014636
85,1,15.788514,0.08854784,30.94048,3.286448,4.667403221130371,16.015507,2.6795197,11.201301574707031,19.80675506591797,10.217954635620117,20.841365814208984,8.83381175994873,23.241477966308594,25.120789051055908,0.32289260941313375,6.451176166534424,0.07685082401161301
86,1,15.982352,0.0745666,27.45216,2.8014696,3.1481075286865234,16.341736,2.149479,11.557823181152344,19.19390869140625,10.313493728637695,19.960548400878906,8.731282234191895,21.409936904907227,22.566880226135254,0.20274791940124826,9.97445011138916,3.8673023803519198
87,1,15.845891,0.10019887,28.973785,3.2960517,4.625460624694824,16.04347,2.684616,11.264217376708984,19.99317169189453,10.241256713867188,21.01380157470703,8.819830894470215,23.225168228149414,25.095160007476807,0.21845161495321164,6.59331750869751,0.08261442892776004
88,1,16.070494,0.079227015,25.74412,2.835322,3.1387882232666016,16.444267,2.1684506,11.569475173950195,19.30575942993164,10.322813987731934,20.11667251586914,8.703320503234863,21.57305145263672,22.64144992828369,0.22618054728146472,10.086297035217285,4.229516660709321
89,1,15.775488,0.06990619,29.034372,3.272129,4.592836380004883,15.985216,2.660127,11.245575904846191,19.799762725830078,10.217954635620117,20.86932945251465,8.81050968170166,23.276432037353516,24.95301342010498,0.4124648997732138,6.581667900085449,0.08797397717839851
90,1,15.992651,0.079227015,26.112293,2.7939408,3.1131553649902344,16.360378,2.137103,11.592775344848633,19.170608520507812,10.329804420471191,19.962879180908203,8.74060344696045,21.470521926879883,22.500471115112305,0.29213054720360965,10.047849655151367,4.065400701431062
91,1,15.79599,0.09553845,31.355257,3.2787602,4.520601272583008,15.989876,2.64863,11.23392391204834,19.85801887512207,10.213294982910156,20.95554542541504,8.8058500289917,23.311386108398438,24.82602024078369,0.4186385508909971,6.74361515045166,0.09175095375315022
92,1,16.052555,0.04427392,25.466825,2.8261514,3.1574296951293945,16.423294,2.1653671,11.567144393920898,19.284786224365234,10.297182083129883,20.079387664794922,8.74060344696045,21.493824005126953,22.660090923309326,0.17891858509355993,10.030372142791748,4.102219901068547
93,1,15.846122,0.08388742,29.313995,3.3023977,4.646430015563965,16.05046,2.685428,11.2781982421875,19.925594329833984,10.248247146606445,21.00914192199707,8.822161674499512,23.430225372314453,25.124281406402588,0.31972991758514546,6.5385613441467285,0.08658524476218846
94,1,16.04733,0.039613508,25.564693,2.8261774,3.0991744995117188,16.40232,2.155856,11.574134826660156,19.282459259033203,10.306502342224121,20.132984161376953,8.754585266113281,21.640628814697266,22.530765533447266,0.2927100502412773,10.13406753540039,4.376551422840916
95,1,15.843809,0.0722364,30.308994,3.3176956,4.68138313293457,16.04114,2.6959174,11.259556770324707,19.94656753540039,10.25989818572998,21.027782440185547,8.819830894470215,23.49547004699707,25.18603229522705,0.34198761933322347,6.4604997634887695,0.07745364200926663
96,1,16.133429,0.055924952,25.54372,2.8475304,3.1970443725585938,16.48621,2.1827588,11.646370887756348,19.42460060119629,10.38106918334961,20.214540481567383,8.754585266113281,21.592391777038547,22.8173828125,0.19739023891367852,10.029205322265625,3.8794926633980116
97,1,15.914959,0.08155722,30.72377,3.2912703,4.609148979187012,16.15066,2.674913,11.310821533203125,19.974529266357422,10.315823554992676,21.016130447387695,8.899057388305664,23.320707321166992,25.128946781158447,0.36301100550871185,6.6923508644104,0.09254000468657535
98,1,16.100485,0.05825516,25.907232,2.8294466,3.152769088745117,16.467567,2.1644228,11.627730369567871,19.338382720947266,10.343786239624023,20.12832260131836,8.734848775863647,21.575382232666016,22.69970417022705,0.20256020208358985,10.088627815246582,4.170555690154383
99,1,15.96084,0.053594746,30.893875,3.3198297,4.660411834716797,16.199594,2.6980464,11.308491706848145,20.02812385559082,10.297182083129883,21.05574607849121,8.87808609008789,23.54906463623047,25.287397384643555,0.3175391214552387,6.645750045776367,0.09134959091270156
100,1,16.083874,0.06291557,25.732468,2.815233,3.152769088745117,16.462908,2.1596513,11.658021926879883,19.298770904541016,10.371747970581055,20.086380004882812,8.752254486083984,21.540428161621094,22.67174243927002,0.19440649424922157,10.06066608428955,4.002112855054966
101,1,16.004261,0.08388742,31.406523,3.3405354,4.660412788391113,16.218235,2.7059796,11.324803352355957,20.132984161376953,10.329804420471191,21.237503051757812,8.920029640197754,23.62130355834961,25.315362453460693,0.3495295253150731,6.67371129989624,0.08400624386833859
102,1,16.214685,0.08155722,25.793053,2.853071,3.176072120666504,16.591068,2.1824744,11.676663398742676,19.457223892211914,10.402040481567383,20.254154205322266,8.775556564331055,21.698883056640625,22.874473094940186,0.21070274628489952,10.17018461227417,4.228154732471061
103,1,15.960018,0.046604127,29.838293,3.344078,4.72332763671875,16.18328,2.7207918,11.280529022216797,20.077058792114258,10.278539657592773,21.10235023498535,8.864104270935059,23.553726196289062,25.40740394592285,0.33601029478349975,6.514093399047852,0.08300963547251944
104,1,16.096098,0.09320825,25.329344,2.7996302,3.129467010498047,16.472229,2.144249,11.699966430664062,19.27779769897461,10.420682907104492,20.09337043762207,8.789538383483887,21.57305145263672,22.629798889160156,0.22937009609713377,10.111930847167969,3.9946142709903425
105,1,15.906035,0.06524578,29.018059,3.295388,4.623128890991211,16.136679,2.6784678,11.289850234985352,19.955886840820312,10.264558792114258,21.01380157470703,8.880415916442871,23.334686279296875,25.154576301574707,0.31396519573674586,6.662060737609863,0.0849950055504916
106,1,16.147675,0.06757598,25.615957,2.851933,3.157428741455078,16.521164,2.1817822,11.625398635864258,19.398967742919922,10.33912467956543,20.22153091430664,8.773226737976074,21.726844787597656,22.75562858581543,0.26035408950540667,10.125913619995117,4.287005133602756
107,1,15.992366,0.0768968,28.684841,3.308893,4.613809585571289,16.225227,2.685523,11.313151359558105,20.053756713867188,10.283201217651367,21.0906982421875,8.898638019561767,23.458187103271484,25.2384672164917,0.30819149971305626,6.783228874206543,0.08638099379844037
108,1,16.198769,0.06990619,25.939856,2.8345912,3.1830615997314453,16.558445,2.172734,11.739580154418945,19.44790267944336,10.45097541809082,20.24017333984375,8.82915210723877,21.661598205566406,22.856993675231934,0.19878583755165752,10.124747276306152,3.951290519246083
109,1,16.036423,0.1095197,29.290695,3.295349,4.648761749267578,16.290472,2.682922,11.418010711669922,20.044435501098633,10.383399963378906,21.05574607849121,8.950322151184082,23.439546585083008,25.34449005126953,0.3973786118558236,6.749443054199219,0.08638665475126601
110,1,16.211214,0.023302063,26.897573,2.81132,3.1271371841430664,16.586409,2.1505623,11.760550498962402,19.419940948486328,10.485929489135742,20.188907623291016,8.892067909240723,21.610334396362305,22.756795406341553,0.2011640907204375,10.248246669769287,4.2184884295895895
111,1,16.126724,0.097868666,28.612602,3.2957501,4.616138458251953,16.393002,2.6821072,11.44597339630127,20.16327476501465,10.418352127075195,21.162935256958008,9.02721881866455,23.42090606689453,25.38410186767578,0.2798177709108674,6.919548034667969,0.09274300852759054
112,1,16.254272,0.06990619,25.387598,2.8336244,3.117816925048828,16.630682,2.1629028,11.74190902709961,19.485185623168945,10.45097541809082,20.277456283569336,8.903718948364258,21.705873489379883,22.791749954223633,0.23671318186602272,10.32048225402832,4.564274976517337
113,1,16.079283,0.05825516,29.199818,3.276573,4.634781837463379,16.327757,2.6696358,11.506558418273926,20.067737579345703,10.453306198120117,21.07205581665039,9.017897605895996,23.43721580505371,25.363133907318115,0.3469401940243672,6.8240065574646,0.09035935219295196
114,1,16.297348,0.0745666,25.28507,2.856005,3.199373245239258,16.679617,2.1882648,11.772202491760254,19.555091857910156,10.45097541809082,20.324060440063477,8.83148193359375,21.710535049438477,23.002631187438965,0.14834585435892547,10.205138206481934,4.186053900979639
115,1,15.209172,0.09087805,28.866596,2.765211,3.9590206146240234,15.316446,2.2473533,11.630060195922852,18.595046997070312,10.656033515930176,19.4409122467041,9.122757911682129,21.6149959564209,23.11215114593506,0.5949697649710558,7.276068687438965,0.13007516557277754
116,1,15.663983,0.06524578,24.27143,2.4472184,2.8078994750976562,15.947932,1.8846002,11.888711929321289,18.499507904052734,10.835458755493164,19.205562591552734,9.4326753616333,20.517467498779297,21.504310607910156,0.22995901248689352,10.272712707519531,2.876274902297207
117,1,15.398235,0.03262289,29.947813,3.134146,4.776920318603516,15.547136,2.6056077,11.383058547973633,19.23818588256836,10.497579574584961,20.13997459411621,8.8058500289917,22.95952606201172,24.877277374267578,0.39420117168106444,5.769596099853516,0.05957700327673518
118,1,16.202166,0.06524578,25.380608,2.7699547,3.0735416412353516,16.535145,2.1131535,11.909684181213379,19.38265609741211,10.593117713928223,20.188907623291016,8.852453231811523,21.5614013671875,22.62979793548584,0.21983739579071956,10.335631370544434,4.172144397621705
119,1,15.669755,0.079227015,29.81266,3.3889787,5.261605262756348,15.91531,2.8403049,11.289850234985352,19.84636878967285,10.294851303100586,20.834375381469727,8.216307640075684,23.108657836914062,26.11928129196167,0.0726840883409559,5.072860240936279,0.03713640579169058
120,1,16.511112,0.08388742,27.08865,2.8683484,3.1574296951293945,16.900986,2.1784375,12.105422019958496,19.74850082397461,10.602438926696777,20.52678871154785,8.577489852905273,21.868986129760742,23.140113353729248,0.1370301009455077,10.51039457321167,4.74104289836537
121,1,18.673697,0.09320825,36.69842,3.869338,5.538902282714844,19.033127,3.1536071,13.650348663330078,23.306724548339844,11.765212059020996,24.290071487426758,8.554187774658203,26.140254974365234,29.897716522216797,0.02482251898922703,7.742107391357422,0.5582088070297374
122,1,22.166908,0.046604127,46.475964,5.7782907,7.086158752441406,21.855005,4.4856324,14.848074913024902,29.854602813720703,12.613407135009766,32.28034973144531,8.947992324829102,36.367530822753906,36.33607482910156,1.0151719755341966,7.9914398193359375,0.6213758042735722
123,1,18.923803,0.055924952,48.419353,5.347417,6.687694549560547,18.688255,4.1433477,12.76253890991211,25.706836700439453,11.038187026977539,28.45880889892578,6.29621696472168,33.50137710571289,32.024030685424805,1.722948942592946,5.273252487182617,0.5100536076750923
124,1,19.249493,0.06990619,41.496315,4.507173,5.401420593261719,19.361685,3.4417286,13.680641174316406,24.679216384887695,11.692975044250488,26.62959861755371,7.62676477432251,30.618913650512695,30.034034729003906,1.2969218212904878,8.428352355957031,1.4526080420670524
125,1,16.347479,0.0745666,32.965427,3.2804658,4.532251358032227,16.37902,2.619665,12.357083320617676,20.417268753051758,10.989253044128418,21.365663528442383,7.424036979675293,23.318376541137695,25.52857494354248,0.14318453527582387,7.399569511413574,0.9871987862082113
126,1,20.777864,0.048934333,48.92035,6.0472975,7.68269157409668,20.613007,4.691875,13.582773208618164,28.32132911682129,11.440497016906741,30.945140838623047,5.601816177368164,36.65647506713867,36.0051851272583,1.186717344422071,5.274418830871582,0.8523077045280336
127,1,18.087152,0.05825516,43.523598,4.8444266,6.042224884033203,17.898314,3.7315447,12.611076354980469,24.010448455810547,10.98226261138916,26.217153549194336,5.990960597991943,31.919166564941406,29.98625946044922,1.73763153870748,5.817359924316406,0.924618565053946
128,1,19.401636,0.06524578,42.962017,4.4524612,4.986644744873047,19.375666,3.3532777,13.874049186706543,24.912235260009766,11.548502922058105,27.002431869506836,8.631083488464355,30.870574951171875,29.372257232666016,1.9449094566605305,9.425678253173828,1.7157461410605457
129,1,16.665682,0.06757598,33.361565,3.269454,4.877121925354004,17.031479,2.7074323,12.347763061523438,20.58504295349121,10.96129035949707,21.356342315673828,8.5169038772583,22.936222076416016,26.507262706756592,0.0027801662936610223,6.998775005340576,0.22201613687950164
130,1,18.16423,0.048934333,43.58651,3.6417768,3.800567626953125,18.53679,2.6913192,12.958277702331543,22.053075790405273,11.03981857299805,23.374300003051758,8.773226737976074,26.774070739746094,25.98529815673828,1.4230818877778992,10.783027648925781,4.402895413609238
131,1,17.737352,0.08854784,33.15651,3.7677362,5.098491668701172,17.933268,3.0056398,13.051486015319824,22.33502769470215,11.031196594238281,23.40459442138672,7.7106523513793945,25.5390625,28.07898712158203,0.10803554051531364,7.685020446777344,0.9784763016892469
132,1,20.90633,0.01864165,47.314842,5.953724,7.7549285888671875,20.354355,4.700253,13.918322563171387,28.971454620361328,11.56015396118164,31.280691146850586,7.2646280908584595,35.53098678588867,36.36753463745117,0.7218603542775439,5.347820281982422,0.3584478512987529
133,1,18.00737,0.048934333,39.15912,3.8323236,5.15208625793457,18.147646,3.033546,13.26120376586914,22.547077178955078,11.823467254638672,23.898597717285156,8.314176559448242,27.270404815673828,28.30618190765381,0.6219802086374224,7.697836875915527,0.7024086838922616
134,1,20.096264,0.011651032,46.047207,5.55328,6.720315933227539,19.699566,4.2854714,13.366063117980957,27.507152938842854,11.022341537475588,29.847612380981445,7.198007106781006,34.2027702331543,33.508368492126465,1.3720720094529784,6.627104759216309,0.7403509120336812
135,1,17.70922,0.023302063,42.76395,4.55154,5.783573150634766,17.660633,3.5412326,12.252224922180176,23.17856216430664,10.490589141845703,25.285070419311523,6.634097099304199,30.048009872436523,29.17884635925293,1.375785148748826,6.044553756713867,0.7603754813162896
136,1,19.26151,0.048934333,46.636745,4.3072767,4.707019805908203,19.32673,3.1967626,13.927642822265625,24.24579620361328,11.949297904968262,26.419879913330078,8.395733833312988,31.160707893371605,28.649892807006836,2.4170390229371463,9.821813583374023,2.0305828616820576
137,1,18.524548,0.04427392,56.787125,4.540037,5.709007263183594,18.473875,3.5173128,13.228581428527832,24.038408279418945,11.310821533203125,26.063358306884766,6.929287509918214,30.26239013671875,29.882570266723633,1.1805730694304057,7.046541213989258,1.0646008789262247
138,1,20.537674,0.055924952,43.556217,5.151223,6.282236099243164,20.384647,3.9801722,14.158332824707031,27.125930786132812,11.80948543548584,29.295352935791016,8.186014175415039,33.3638916015625,33.12388324737549,1.1139112803128246,7.994938850402832,0.8928766475818255
139,1,17.654268,0.06757598,43.18572,4.2555466,5.361804962158203,17.72588,3.2768567,12.683313369750977,22.556398391723633,10.886724472045898,24.203853607177734,6.165213146209716,29.067506484985287,28.36676788330078,1.241513248169602,6.919548034667969,1.3793267789165156
140,1,20.945679,0.01864165,47.25658,5.3882704,6.324180603027344,20.813404,4.1147137,14.309797286987305,27.764408111572266,12.128724098205566,30.113258361816406,7.139752388000488,34.5173454284668,33.6248779296875,1.4170651500468647,8.328155517578125,1.663701208953564
141,1,17.177193,0.053594746,42.23965,3.9288154,5.296560287475586,17.238867,3.1040792,12.503887176513672,21.780439376831055,10.870412826538086,23.16924285888672,7.228299617767334,26.981460571289062,27.77256679534912,0.7649489736140265,6.586325645446777,0.7848074620256056
142,1,21.45811,0.027962476,48.386734,5.664604,6.70167350769043,21.395956,4.344744,14.272513389587402,28.668529510498047,11.795503616333008,30.973570251464736,7.149072647094727,35.25602340698242,34.96008586883545,1.1270274081149945,8.15339183807373,1.5085286682011452
143,1,19.212883,0.020971855,46.73928,5.379503,6.953336715698242,19.08439,4.206025,12.948956489562988,26.005102157592773,10.882062911987305,28.24209976196289,5.537641754150391,32.75571060180664,33.009705543518066,0.8986251531634585,5.196358680725098,0.8495731282283481
144,1,18.60089,0.06058536,41.939056,4.0605793,4.588758945465088,18.63932,3.0528512,13.526847839355469,23.45119857788086,11.457625389099121,25.310701370239258,8.631083488464355,29.114553489684997,27.801400899887085,1.7564937643974898,9.446365118026733,1.9288664707284138
145,1,18.486635,0.013981238,46.986282,5.0520678,6.49195671081543,18.350376,3.954654,12.503887176513672,24.76543426513672,10.537193298339844,26.937185287475586,6.032904148101807,31.432151794433594,31.40652561187744,1.0070099489643942,5.438698768615723,0.7528248307087396
146,1,21.59801,0.034953095,45.152412,6.1222086,8.407384872436523,21.284107,4.908946,14.121049880981445,29.807998657226562,11.925995826721191,31.891204833984375,7.160723686218262,35.69409942626953,38.43209362030029,0.2448507859849237,4.802554130554199,0.23909192727157189
147,1,17.5934,0.04427392,41.54525,4.6377115,5.916393280029297,17.52082,3.6064491,12.14969539642334,23.101665496826172,10.646713256835938,25.53440284729004,6.804202079772949,30.68182945251465,29.2172908782959,1.620084439801888,5.551717758178711,0.5367845355215131
148,1,20.127535,0.027962476,42.728996,5.1064744,5.6810455322265625,19.951227,3.8497188,13.734235763549805,26.657562255859375,11.46694564819336,29.251081466674805,8.463309288024902,33.71437873840326,31.41118621826172,2.4483676225276034,8.687004089355469,1.1619270791961236
149,1,16.987062,0.027962476,37.37884,3.945919,5.301219940185547,16.989532,3.1228402,12.175328254699707,21.617326736450195,10.681665420532227,23.076034545898438,7.451999664306641,27.36361312866211,27.583818435668945,0.9226620169479072,6.378938674926758,0.5107806086074079
150,1,20.72284,0.011651032,44.863464,5.7499523,7.584821701049805,20.606016,4.534051,13.7901611328125,28.204816818237305,11.522869110107422,30.269380569458008,6.0142621994018555,34.24061065673826,35.888672828674316,0.46547002742381005,5.549386024475098,0.7923316593093013
151,1,17.412016,0.01864165,42.47966,4.3693013,5.55754280090332,17.322754,3.3882706,12.275527000427246,22.554065704345703,10.625740051269531,24.481497383117595,6.594483852386475,29.468792018890365,28.45298671722412,1.3964627709221182,6.22281551361084,0.8018937242581788
152,1,19.561916,0.0722364,48.636066,4.7311244,4.7652740478515625,19.431591,3.4520154,13.808801651000977,25.33866310119629,11.529860496520996,27.90188980102539,8.358449935913086,33.084266662597656,29.000587463378906,3.6695753714655663,9.939491271972656,2.5723568452534624
153,1,17.408886,0.06058536,35.761677,3.742283,5.149757385253906,17.576746,2.9872694,12.846427917480469,21.882970809936523,11.336453437805176,23.076500701904187,7.174705505371094,25.75577163696289,27.773733139038086,0.29271760694419896,7.174703598022461,0.9994896307667255
154,1,21.276226,0.023302063,44.471992,5.5853796,7.090816497802734,21.377314,4.375502,14.137361526489258,28.31433868408203,11.753561019897461,30.369579315185547,7.274904251098633,34.46486968994137,35.513505935668945,0.5915961179855944,7.150239944458008,0.9069551765156796
155,1,18.544079,0.06524578,46.30819,4.5794377,5.96066951751709,18.569414,3.5885863,13.156344413757324,24.180553436279297,11.285188674926758,26.04937744140625,6.7948808670043945,29.99038494110112,30.402204990386963,0.8253007502373038,6.5595269203186035,0.8896408472240426
156,1,19.353727,0.04427392,45.881763,4.4775305,4.993633270263672,19.464214,3.3562431,13.692292213439941,24.68154525756836,11.529860496520996,26.739118576049805,7.955324172973633,31.017375946044922,29.36176872253418,1.966173319538413,9.387235641479492,2.0027126479693864
157,1,17.404167,0.0768968,41.039597,3.7082205,5.096163749694824,17.61636,2.953413,12.855749130249023,21.7198543548584,11.310821533203125,22.84534454345703,7.512585163116455,26.04238510131836,27.64207887649536,0.5051969354563255,7.2574238777160645,0.8713852801817438
158,1,20.95634,0.048934333,45.658066,5.5555425,6.713327407836914,20.929914,4.27913,14.174644470214844,28.009078979492188,11.555492401123047,30.276371002197266,6.6247758865356445,34.47307205200195,34.4066686630249,1.0288866735245872,7.553359031677246,1.4415534381615478
159,1,17.780731,0.051264536,44.70967,4.039585,5.3804473876953125,17.902975,3.1824644,12.955946922302246,22.586688995361328,11.348104476928711,24.036312294006294,7.386753559112549,27.683829917907676,28.52056312561035,0.6914780591747938,6.998773574829102,0.8253253342706615
160,1,20.083347,0.05825516,45.809525,4.532863,4.888772964477539,20.384647,3.373079,14.139692306518555,25.208173751831055,11.727928161621094,27.137584686279297,7.873767375946045,31.331954956054688,30.02470874786377,1.6738586920906255,10.469616889953613,3.361618215649556
161,1,17.569473,0.04194371,39.2966,4.092913,5.317529678344727,17.621021,3.1992981,12.788172721862793,22.486492156982422,10.865751266479492,23.945201873779297,6.34049129486084,27.496437072753906,28.25607967376709,0.69143961222192,6.985960960388184,1.29153453127265
162,1,20.033249,0.06058536,47.126095,5.1680913,5.715997695922852,19.77646,3.8847134,13.776179313659668,26.804363250732422,11.436652183532715,29.26972198486328,7.482292652130127,33.47367134094235,31.403029441833496,2.329077225520761,8.53903865814209,1.5280287535495145
163,1,17.736752,0.046604127,43.598164,4.2677875,5.352486610412598,17.711897,3.2834892,12.811474800109863,22.726503372192383,11.355094909667969,24.744461059570312,6.864788055419922,29.68119083404545,28.30385732650757,1.5796069054678548,6.893910884857178,1.0114329858621807
164,1,21.431738,0.01864165,49.097446,5.8138256,7.232963562011719,20.97419,4.5367985,14.486892700195312,29.13690185546875,12.034350395202637,31.697797775268555,7.9646453857421875,36.18810272216797,35.861881256103516,1.1379185027931629,6.930027008056641,0.5234822292081637
165,1,18.056496,0.055924952,46.14508,4.3652425,5.4317121505737305,18.063759,3.3542328,12.902353286743164,23.148271560668945,11.119745254516602,25.13360595703125,7.253931999206543,30.092287063598633,28.825819492340088,1.5410431829690898,7.098970890045166,0.9035755776429586
166,1,21.091208,0.04427392,46.340813,5.82926,7.337821960449219,20.705048,4.5566363,13.985898971557617,28.771059036254883,11.597436904907227,31.20146369934082,7.416137914657592,35.68943786621094,35.76983642578125,0.9679046472926869,6.418548583984375,0.5476981980371831
